DROP DATABASE IF EXISTS travel_agency;
CREATE DATABASE travel_agency;
USE travel_agency;
-- - - - - - - - - - - - - - - - 3.1.1 - - - - - - - - - - - - - - - - - - --  
CREATE TABLE branch (
    br_code int(11) NOT NULL,
    br_street varchar(30) NOT NULL,
    br_num int(4) NOT NULL,
    br_city varchar(30) NOT NULL,
    PRIMARY KEY(br_code)
);

CREATE TABLE phones(
    ph_br_code int(11) NOT NULL,
    ph_number char(10) NOT NULL,
    PRIMARY KEY(ph_br_code,ph_number),
    CONSTRAINT PHBR
    FOREIGN KEY(ph_br_code) REFERENCES branch(br_code)
    ON DELETE CASCADE ON UPDATE CASCADE
);

CREATE TABLE worker(
    wrk_AT char(10) NOT NULL,
    wrk_name varchar(20) NOT NULL,
	wrk_lname varchar(20) NOT NULL,
	wrk_salary float(7,2) NOT NULL,
	wrk_br_code int(11) NOT NULL,
    PRIMARY KEY(wrk_AT),
    CONSTRAINT WRBR
    FOREIGN KEY(wrk_br_code) REFERENCES branch(br_code)
    ON DELETE CASCADE ON UPDATE CASCADE
);

CREATE TABLE admin(
    adm_AT char(10) NOT NULL,
    adm_type ENUM('LOGISTICS','ADMINISTRATIVE','ACCOUNTING') NOT NULL,
	adm_diploma varchar(200) NOT NULL,
    PRIMARY KEY(adm_AT),
    CONSTRAINT ADWR
    FOREIGN KEY(adm_AT) REFERENCES worker(wrk_AT)
    ON DELETE CASCADE ON UPDATE CASCADE
);

CREATE TABLE manages(
    mng_adm_AT char(10) NOT NULL,
    mng_br_code int(11)  NOT NULL,
    PRIMARY KEY(mng_adm_AT, mng_br_code),
    CONSTRAINT MNATAD
    FOREIGN KEY(mng_adm_AT) REFERENCES admin(adm_AT)
    ON DELETE CASCADE ON UPDATE CASCADE,
    CONSTRAINT MNCODEBR 
    FOREIGN KEY(mng_br_code) REFERENCES branch(br_code)
    ON DELETE CASCADE ON UPDATE CASCADE
);

CREATE TABLE guide(
gui_AT char(10) NOT NULL,
gui_cv text NOT NULL ,
PRIMARY KEY(gui_AT),
CONSTRAINT GDWR 
FOREIGN KEY(gui_AT) REFERENCES worker(wrk_AT)
ON DELETE CASCADE ON UPDATE CASCADE
);

CREATE TABLE languages(
lng_gui_AT char(10) NOT NULL,
lng_language varchar(30) NOT NULL,
PRIMARY KEY(lng_gui_AT,lng_language),
CONSTRAINT LNGD 
FOREIGN KEY(lng_gui_AT) REFERENCES guide(gui_AT )
ON DELETE CASCADE ON UPDATE CASCADE
);

CREATE TABLE driver(
drv_AT char(10) NOT NULL,
drv_license enum('A','B','C','D') NOT NULL,
drv_route enum('LOCAL','ABROAD') NOT NULL,
drv_experience tinyint(4) NOT NULL,
PRIMARY KEY(drv_AT),
CONSTRAINT DRWR
FOREIGN KEY(drv_AT) REFERENCES worker(wrk_AT)
ON DELETE CASCADE ON UPDATE CASCADE
);

CREATE TABLE trip(
tr_id int(11) NOT NULL, 
tr_departure datetime NOT NULL, 
tr_return datetime NOT NULL, 
tr_maxseats tinyint(4) NOT NULL,
tr_cost float(7,2) NOT NULL,
tr_br_code int (11) NOT NULL,
tr_gui_AT char(10) NOT NULL,
tr_drv_AT char(10) NOT NULL,
PRIMARY KEY(tr_id),
CONSTRAINT TRBR 
FOREIGN KEY(tr_br_code) REFERENCES branch(br_code)
ON DELETE CASCADE ON UPDATE CASCADE,
CONSTRAINT TRGD 
FOREIGN KEY(tr_gui_AT) REFERENCES guide(gui_AT)
ON DELETE CASCADE ON UPDATE CASCADE,
CONSTRAINT TRDR 
FOREIGN KEY(tr_drv_AT) REFERENCES driver(drv_AT)
ON DELETE CASCADE ON UPDATE CASCADE
);

CREATE TABLE event (

	ev_tr_id INT(11) NOT NULL,
    ev_start DATETIME NOT NULL,
    en_end DATETIME NOT NULL,
    ev_descr TEXT,
PRIMARY KEY(ev_tr_id,ev_start),
CONSTRAINT Blyzz 
FOREIGN KEY(ev_tr_id) REFERENCES trip(tr_id)
ON DELETE CASCADE ON UPDATE CASCADE
);

CREATE TABLE reservation (
	
    res_tr_id INT(11) NOT NULL,
    res_seatnum TINYINT(4) NOT NULL,
    res_name VARCHAR(20) NOT NULL,
    res_lname VARCHAR(20) NOT NULL,
    res_isadult ENUM('ADULT', 'MINOR'),
PRIMARY KEY(res_tr_id,res_seatnum),
CONSTRAINT Balou 
FOREIGN KEY(res_tr_id) REFERENCES trip(tr_id)
ON UPDATE CASCADE ON DELETE CASCADE
);

 CREATE TABLE destination (
 
	dst_id INT(11) NOT NULL,
    dst_name VARCHAR(50) NOT NULL,
    dst_descr TEXT NOT NULL,
    dst_rtype ENUM('LOCAL', 'ABROAD') NOT NULL,
    dst_language VARCHAR(30) NOT NULL,
    dst_location INT(11) DEFAULT NULL,
PRIMARY KEY(dst_id),
CONSTRAINT peterson
FOREIGN KEY(dst_location) REFERENCES destination(dst_id)
ON UPDATE CASCADE ON DELETE CASCADE
);

CREATE TABLE travel_to (

	to_tr_id INT(11) NOT NULL,
    to_dst_id INT(11) NOT NULL,
    to_arrival DATETIME NOT NULL,
    to_departure DATETIME NOT NULL,
PRIMARY KEY(to_tr_id,to_dst_id),
CONSTRAINT TATE
FOREIGN KEY(to_tr_id) REFERENCES trip(tr_id)
ON UPDATE CASCADE ON DELETE CASCADE,
CONSTRAINT TAYLOR
FOREIGN KEY(to_dst_id) REFERENCES destination(dst_id)
ON UPDATE CASCADE ON DELETE CASCADE
);

INSERT INTO branch VALUES(1,'PAPANIKOLAOY',12,'ATHENS');
INSERT INTO branch VALUES(2,'PANEPISTIMIOY',133,'PATRA');
INSERT INTO branch VALUES(3,'ARISTOMENOUS',32,'KALAMATA');
INSERT INTO branch VALUES(4,'OMIROY',22,'TRIPOLI');
INSERT INTO branch VALUES(5,'ERMOY',11,'THESSALONIKI');
INSERT INTO branch VALUES(6,'KOLOKOTRONI',64,'PYRGOS');
INSERT INTO branch VALUES(7,'ERMOY',53,'PATRA');
INSERT INTO branch VALUES(8,'BALAORITOY',98,'ATHENS');
INSERT INTO branch VALUES(9,'NIKOLAOY',67,'PATRA');
INSERT INTO branch VALUES(10,'SIFNOY',1,'ATHENS');

INSERT INTO branch VALUES(11,'SMIRNIS',21,'ATHENS');
INSERT INTO branch VALUES(12,'KAPADOKIAS',30,'ATHENS');
INSERT INTO branch VALUES(13,'DEILOU',90,'VOLOS');
INSERT INTO branch VALUES(14,'DIMOU',11,'TRIPOLI');
INSERT INTO branch VALUES(15,'PAPAFLESSA',36,'PATRA');
INSERT INTO branch VALUES(16,'ERMOU',18,'KALAMATA');
INSERT INTO branch VALUES(17,'GREVNWN',30,'PYRGOS');
INSERT INTO branch VALUES(18,'AG.ANDREA',50,'PATRA');
INSERT INTO branch VALUES(19,'ATHANASIOU',30,'ATHENS');
INSERT INTO branch VALUES(20,'KARAISKAKI',29,'PATRA');

INSERT INTO branch VALUES(21,'ARATOU',100,'VEROIA');
INSERT INTO branch VALUES(22,'VLYXADAS',21,'HERAKLION');
INSERT INTO branch VALUES(23,'PANEPISTIMIOY',142,'PATRA');
INSERT INTO branch VALUES(24,'ELYTH',55,'RIO');
INSERT INTO branch VALUES(25,'AIGEIRAS',42,'PATRA');
INSERT INTO branch VALUES(26,'FARRON',12,'PATRA');
INSERT INTO branch VALUES(27,'METAGENI',11,'HERAKLION');
INSERT INTO branch VALUES(28,'SOTIRIOY',40,'ATHENS');
INSERT INTO branch VALUES(29,'AG.SOFIAS',13,'PATRA');
INSERT INTO branch VALUES(30,'ERMOU',2,'ATHENS');


INSERT INTO phones VALUES(1,2108328322);
INSERT INTO phones VALUES(2,2610000002);
INSERT INTO phones VALUES(3,2721023323);
INSERT INTO phones VALUES(4,2713602334);
INSERT INTO phones VALUES(5,2310323005);
INSERT INTO phones VALUES(6,2621002306);
INSERT INTO phones VALUES(7,2610550007);
INSERT INTO phones VALUES(8,2103203208);
INSERT INTO phones VALUES(9,2610414409);
INSERT INTO phones VALUES(10,2104240010);

INSERT INTO phones VALUES(11,2108328322);
INSERT INTO phones VALUES(12,2100023002);
INSERT INTO phones VALUES(13,2421023110);
INSERT INTO phones VALUES(14,2721069204);
INSERT INTO phones VALUES(15,2610015998);
INSERT INTO phones VALUES(16,2721004417);
INSERT INTO phones VALUES(17,2621059902);
INSERT INTO phones VALUES(18,2610345698);
INSERT INTO phones VALUES(19,2104645514);
INSERT INTO phones VALUES(20,2610640332);

INSERT INTO phones VALUES(21,2331985836);
INSERT INTO phones VALUES(22,2610000022);
INSERT INTO phones VALUES(23,2610000023);
INSERT INTO phones VALUES(24,2610000024);
INSERT INTO phones VALUES(25,2610000025);
INSERT INTO phones VALUES(26,2810731935);
INSERT INTO phones VALUES(27,2109181692);
INSERT INTO phones VALUES(28,2610817147);
INSERT INTO phones VALUES(29,2108887180);
INSERT INTO phones VALUES(30,2634025525);


INSERT INTO worker VALUES('AZ39573027','BASILIS','POULOPOULOS',10000,1);
INSERT INTO worker VALUES('AB39573027','GIORGOS','PAPADAKIS',12000,5);
INSERT INTO worker VALUES('AB82037492','TAKIS','XRISTOY',30000,1);
INSERT INTO worker VALUES('AB99976582','ANTREAS','TSAOUSIS',81200,9);
INSERT INTO worker VALUES('AB11739278','ANTONIS','PSEMAS',78000,3);
INSERT INTO worker VALUES('AB66478292','BASILIS','BASILΕIOY',42000,7);
INSERT INTO worker VALUES('AB99102932','PANOS','AGWGIATIS',20000,4);
INSERT INTO worker VALUES('AM13193312','DIMITRIS','ZABARIS',92300,1);
INSERT INTO worker VALUES('AM21920127','ALKIS','XRISTOPOULOS',10330,5);
INSERT INTO worker VALUES('AB91203912','IASONAS','XANZTIS',82300,9);
INSERT INTO worker VALUES('AB13909132','DAMIANOS','GEWRGIOY',83100,9);

INSERT INTO worker VALUES('AD35655594','IASONAS','DASKALAKIS',40000,22);
INSERT INTO worker VALUES('AD35655595','MPAMPIS','EMMANOUHL',30000,24);
INSERT INTO worker VALUES('AD35655596','ELEFTHERIOS','TSAROUXIS',200,23);
INSERT INTO worker VALUES('AD35655597','ANTONIS','KANAKIS',60000,30);
INSERT INTO worker VALUES('AD35655598','KAROLINA','BASILΕIOY',75000,30);
INSERT INTO worker VALUES('AD35655599','ALKIS','RAIKOS',99000,21);
INSERT INTO worker VALUES('AX42045336','DAMIANOS','BASILAKIS',3,25);
INSERT INTO worker VALUES('AX42045337','ANDREAS','DIASAKOS',40,26);
INSERT INTO worker VALUES('AX42045338','ORESTIS','DELIMPALTADAKIS',82500,29);
INSERT INTO worker VALUES('AX42045339','GRIGORIS','MAKRIS',99788,30);

INSERT INTO worker VALUES('AB38873133','GIORGOS','PAPADRAKIS',11500,5);
INSERT INTO worker VALUES('AB82031313','GIANNIS','ALEXIOU',50000,2);
INSERT INTO worker VALUES('AB99934242','ANTONIS','DIMITRIOU',40000,3);
INSERT INTO worker VALUES('AB11234243','HRAKLIS','DHMAS',48500,8);
INSERT INTO worker VALUES('AB66234242','THEMISTOKLIS','RAPTIS',60000,8);
INSERT INTO worker VALUES('AB99434623','PANOS','AGWGIATIS',20000,2);
INSERT INTO worker VALUES('AM13193434','DIMITRIS','ZABARIS',92300,3);
INSERT INTO worker VALUES('AK47342433','ALKIS','XRISTOPOULOS',10330,7);
INSERT INTO worker VALUES('AB92342342','MICHALIS','AMOIRADAKIS',90000,8);
INSERT INTO worker VALUES('AB13934242','HLIAS','STAMOULIS',44300,9);

INSERT INTO worker VALUES('AL85732096','JOHNNY','SMITH',75000,1);
INSERT INTO worker VALUES('AJ93467502','EMILY','JONES',90000,2);
INSERT INTO worker VALUES('AK57482910','MICHAEL','BROWN',85000,4);
INSERT INTO worker VALUES('AE83645172','ASHLEY','DAVIS',95000,5);
INSERT INTO worker VALUES('AF72468103','JASON','MILLER',12000,6);
INSERT INTO worker VALUES('AG43102975','SARAH','WILSON',96000,8);
INSERT INTO worker VALUES('AH98307561','CHRISTOPHER','MOORE',60000,10);
INSERT INTO worker VALUES('AI67503812','BRANDON','TAYLOR',70000,11);
INSERT INTO worker VALUES('AJ81276590','AARON','ANDERSON',80000,12);
INSERT INTO worker VALUES('AK93650241','KIMBERLY','THOMAS',90000,13);
INSERT INTO worker VALUES('AL85746320','JOSHUA','HERNANDEZ',12000,14);
INSERT INTO worker VALUES('AM73415860','MARY','KING',85000,15);
INSERT INTO worker VALUES('AN62278401','NATALIE','WRIGHT',95000,16);
INSERT INTO worker VALUES('AO50931205','JACOB','SANCHEZ',93000,17);
INSERT INTO worker VALUES('AP39475301','AMANDA','RODRIGUEZ',60000,18);
INSERT INTO worker VALUES('AQ28017043','BRIAN','TORRES',70000,19);
INSERT INTO worker VALUES('AR16579832','KAREN','PARKER',80000,20);
INSERT INTO worker VALUES('AS05132456','JOSEPH','EDWARDS',90000,21);
INSERT INTO worker VALUES('AT94812705','MELISSA','COOPER',12000,22);
INSERT INTO worker VALUES('AU83465902','RICHARD','PAYNE',85000,23);
INSERT INTO worker VALUES('AV72120897','KATHERINE','PARKER',95000,24);
INSERT INTO worker VALUES('AW60786502','CHRISTIAN','EDWARDS',91000,25);
INSERT INTO worker VALUES('AX49373056','LAUREN','COOPER',60000,26);
INSERT INTO worker VALUES('AY38056034','JACQUELINE','PAYNE',70000,27);
INSERT INTO worker VALUES('AZ26759801','ERIC','BAKER',80000,28);
INSERT INTO worker VALUES('AA15482657','ASHLEY','FISHER',90000,29);
INSERT INTO worker VALUES('AB04125039','JESSICA','ELLIS',12000,30);


INSERT INTO admin VALUES('AB13909132','LOGISTICS','Diploma in Logistics Management');
INSERT INTO admin VALUES('AB39573027','LOGISTICS','MSc Logistics and Supply Chain Management');
INSERT INTO admin VALUES('AB82037492','ACCOUNTING','BTS Accounting Management');
INSERT INTO admin VALUES('AB99976582','LOGISTICS','MSc Logistics and Supply Chain ManagementS');
INSERT INTO admin VALUES('AB11739278','ADMINISTRATIVE','Foundation in Travel and Tourism');
INSERT INTO admin VALUES('AB66478292','ADMINISTRATIVE','Foundation in Travel and Tourism');
INSERT INTO admin VALUES('AB99102932','LOGISTICS','Diploma in Logistics Management');
INSERT INTO admin VALUES('AM21920127','ACCOUNTING','Level 7 Diploma in Accounting and Finance');
INSERT INTO admin VALUES('AM13193312','ACCOUNTING','CIMA - CERTIFICATE IN BUSINESS ACCOUNTING');
INSERT INTO admin VALUES('AB91203912','ADMINISTRATIVE','Travel and Tourism Consultant');

INSERT INTO admin VALUES('AL85732096','ADMINISTRATIVE','Foundation in Travel and Tourism');
INSERT INTO admin VALUES('AJ93467502','ADMINISTRATIVE','BS Business Admin');
INSERT INTO admin VALUES('AK57482910','ADMINISTRATIVE','BSc Tourism');
INSERT INTO admin VALUES('AE83645172','ADMINISTRATIVE','MA Management');
INSERT INTO admin VALUES('AF72468103','ADMINISTRATIVE','MSC Economics');
INSERT INTO admin VALUES('AG43102975','ADMINISTRATIVE','PhD Business Admin');
INSERT INTO admin VALUES('AH98307561','ADMINISTRATIVE','DBA Leadership');
INSERT INTO admin VALUES('AI67503812','ADMINISTRATIVE','CMA Accounting');
INSERT INTO admin VALUES('AJ81276590','ADMINISTRATIVE','Travel and Tourism Consultant');
INSERT INTO admin VALUES('AK93650241','ADMINISTRATIVE','BSc Tourism');
INSERT INTO admin VALUES('AL85746320','ADMINISTRATIVE','Travel and Tourism Consultant');
INSERT INTO admin VALUES('AM73415860','ADMINISTRATIVE','BBA Business Admin');
INSERT INTO admin VALUES('AN62278401','ADMINISTRATIVE','MSc Management');
INSERT INTO admin VALUES('AO50931205','ADMINISTRATIVE','BSc Tourism');
INSERT INTO admin VALUES('AP39475301','ADMINISTRATIVE','MPA Public Admin');
INSERT INTO admin VALUES('AQ28017043','ADMINISTRATIVE','Foundation in Travel and Tourism');
INSERT INTO admin VALUES('AR16579832','ADMINISTRATIVE','MSA Systems Admin');
INSERT INTO admin VALUES('AS05132456','ADMINISTRATIVE','Travel and Tourism Consultant');
INSERT INTO admin VALUES('AT94812705','ADMINISTRATIVE','MHRM Human Resources');
INSERT INTO admin VALUES('AU83465902','ADMINISTRATIVE','Travel and Tourism Consultant');
INSERT INTO admin VALUES('AV72120897','ADMINISTRATIVE','BA Travel and Culture');
INSERT INTO admin VALUES('AW60786502','ADMINISTRATIVE','MBA Operations');
INSERT INTO admin VALUES('AX49373056','ADMINISTRATIVE','Foundation in Travel and Tourism');
INSERT INTO admin VALUES('AY38056034','ADMINISTRATIVE','BA Travel and Culture');
INSERT INTO admin VALUES('AZ26759801','ADMINISTRATIVE','Foundation in Travel and Tourism');
INSERT INTO admin VALUES('AA15482657','ADMINISTRATIVE','BA Travel and Culture');
INSERT INTO admin VALUES('AB04125039','ADMINISTRATIVE','BSc Tourism');

INSERT INTO manages VALUES('AB39573027',5);
INSERT INTO manages VALUES('AB82037492',1);
INSERT INTO manages VALUES('AB99976582',9);
INSERT INTO manages VALUES('AB11739278',3);
INSERT INTO manages VALUES('AB66478292',7);
INSERT INTO manages VALUES('AB99102932',4);
INSERT INTO manages VALUES('AM13193312',1);
INSERT INTO manages VALUES('AM21920127',5);
INSERT INTO manages VALUES('AB91203912',9);
INSERT INTO manages VALUES('AB13909132',9);

INSERT INTO manages VALUES('AL85732096', 1);
INSERT INTO manages VALUES('AJ93467502', 2);
INSERT INTO manages VALUES('AK57482910', 4);
INSERT INTO manages VALUES('AE83645172', 5);
INSERT INTO manages VALUES('AF72468103', 6);
INSERT INTO manages VALUES('AG43102975', 8);
INSERT INTO manages VALUES('AH98307561', 10);
INSERT INTO manages VALUES('AI67503812', 11);
INSERT INTO manages VALUES('AJ81276590', 12);
INSERT INTO manages VALUES('AK93650241', 13);
INSERT INTO manages VALUES('AL85746320', 14);
INSERT INTO manages VALUES('AM73415860', 15);
INSERT INTO manages VALUES('AN62278401', 16);
INSERT INTO manages VALUES('AO50931205', 17);
INSERT INTO manages VALUES('AP39475301', 18);
INSERT INTO manages VALUES('AQ28017043', 19);
INSERT INTO manages VALUES('AR16579832', 20);
INSERT INTO manages VALUES('AS05132456', 21);
INSERT INTO manages VALUES('AT94812705', 22);
INSERT INTO manages VALUES('AU83465902', 23);
INSERT INTO manages VALUES('AV72120897', 24);
INSERT INTO manages VALUES('AW60786502', 25);
INSERT INTO manages VALUES('AX49373056', 26);
INSERT INTO manages VALUES('AY38056034', 27);
INSERT INTO manages VALUES('AZ26759801', 28);
INSERT INTO manages VALUES('AA15482657', 29);
INSERT INTO manages VALUES('AB04125039', 30);

INSERT INTO guide VALUES('AD35655594','CV');
INSERT INTO guide VALUES('AD35655595','CV');
INSERT INTO guide VALUES('AD35655596','CV');
INSERT INTO guide VALUES('AD35655597','CV');
INSERT INTO guide VALUES('AD35655598','CV');
INSERT INTO guide VALUES('AD35655599','CV');
INSERT INTO guide VALUES('AX42045336','CV');
INSERT INTO guide VALUES('AX42045337','CV');
INSERT INTO guide VALUES('AX42045338','CV');
INSERT INTO guide VALUES('AX42045339','CV');


INSERT INTO languages VALUES('AD35655594','ENGLISH');
INSERT INTO languages VALUES('AD35655595','GERMAN');
INSERT INTO languages VALUES('AD35655596','HUNGARIAN');
INSERT INTO languages VALUES('AD35655597','BULGARIAN');
INSERT INTO languages VALUES('AD35655598','AUSTRIAN');
INSERT INTO languages VALUES('AD35655599','ENGLISH');
INSERT INTO languages VALUES('AX42045336','ALBANIAN');
INSERT INTO languages VALUES('AX42045337','ITALIAN');
INSERT INTO languages VALUES('AX42045338','CZECH');
INSERT INTO languages VALUES('AX42045339','GREEK');


INSERT INTO driver VALUES('AB39573027','B','LOCAL',15);
INSERT INTO driver VALUES('AB82037492','B','ABROAD',31);
INSERT INTO driver VALUES('AB99976582','C','LOCAL',29);
INSERT INTO driver VALUES('AB11739278','A','LOCAL',33);
INSERT INTO driver VALUES('AB66478292','C','LOCAL',75);
INSERT INTO driver VALUES('AB99102932','C','ABROAD',43);
INSERT INTO driver VALUES('AM13193312','A','ABROAD',14);
INSERT INTO driver VALUES('AM21920127','B','LOCAL',59);
INSERT INTO driver VALUES('AB91203912','A','ABROAD',92);
INSERT INTO driver VALUES('AB13909132','C','LOCAL',93);


INSERT INTO trip VALUES(1,'2022-12-12','2022-12-19',40,500,2,'AD35655594','AB82037492');
INSERT INTO trip VALUES(2,'2023-11-30','2023-12-02',42,150,2,'AD35655599','AB39573027');
INSERT INTO trip VALUES(3,'2023-01-01','2023-01-02',55,900,4,'AX42045339','AB99976582');
INSERT INTO trip VALUES(4,'2023-02-02','2023-02-12',34,320,1,'AD35655598','AB99102932');
INSERT INTO trip VALUES(5,'2023-03-03','2023-03-12',64,720,5,'AD35655599','AM13193312');
INSERT INTO trip VALUES(6,'2023-06-04','2023-06-06',32,421,6,'AD35655595','AB11739278');
INSERT INTO trip VALUES(7,'2023-07-05','2023-12-01',45,131,2,'AX42045336','AB91203912');
INSERT INTO trip VALUES(8,'2023-08-06','2023-08-15',23,5111,9,'AX42045336','AB82037492');
INSERT INTO trip VALUES(9,'2023-08-07','2023-08-11',67,944,9,'AD35655598','AB66478292');
INSERT INTO trip VALUES(10,'2023-08-08','2023-08-22',42,914,3,'AD35655599','AB99102932');

INSERT INTO trip VALUES(11,'2023-09-01','2023-09-02',80,200,4,'AD35655599','AB82037492');
INSERT INTO trip VALUES(12,'2023-10-10','2023-10-12',74,150,2,'AD35655594','AB99102932');
INSERT INTO trip VALUES(13,'2023-10-15','2023-10-16',90,100,23,'AD35655598','AM13193312');
INSERT INTO trip VALUES(14,'2023-11-28','2023-11-29',66,200,15,'AX42045339','AB39573027');
INSERT INTO trip VALUES(15,'2023-11-29','2023-12-05',56,250,14,'AD35655595','AB99976582');
INSERT INTO trip VALUES(16,'2023-11-30','2023-12-05',20,250,15,'AD35655599','AB91203912');
INSERT INTO trip VALUES(17,'2023-12-05','2023-12-08',72,231,8,'AX42045336','AB39573027');
INSERT INTO trip VALUES(18,'2023-12-13','2023-12-14',54,124,20,'AX42045336','AM21920127');
INSERT INTO trip VALUES(19,'2023-12-19','2023-12-21',30,589,19,'AD35655599','AB99102932');
INSERT INTO trip VALUES(20,'2023-12-24','2023-12-27',86,751,7,'AD35655598','AB91203912');

INSERT INTO trip VALUES(21,'2024-01-01','2024-01-08',60,500,21,'AD35655594','AM13193312');
INSERT INTO trip VALUES(22,'2024-01-30','2024-02-14',62,450,22,'AD35655599','AB91203912');
INSERT INTO trip VALUES(23,'2024-02-15','2024-03-01',55,350,23,'AX42045339','AB82037492');
INSERT INTO trip VALUES(24,'2024-02-28','2024-03-12',44,320,25,'AD35655598','AB99102932');
INSERT INTO trip VALUES(25,'2024-03-03','2024-03-14',34,220,26,'AD35655599','AB39573027');
INSERT INTO trip VALUES(26,'2024-04-15','2024-04-22',42,236,24,'AD35655595','AB99976582');
INSERT INTO trip VALUES(27,'2024-05-05','2024-06-01',50,411,29,'AX42045336','AB11739278');
INSERT INTO trip VALUES(28,'2024-06-13','2024-09-01',70,990,30,'AX42045336','AB39573027');
INSERT INTO trip VALUES(29,'2024-07-03','2024-08-24',62,820,28,'AD35655598','AM13193312');
INSERT INTO trip VALUES(30,'2024-08-15','2024-09-29',35,800,27,'AD35655599','AB91203912');


INSERT INTO event VALUES(1,'2022-12-13','2022-12-18','TAKSIDI STIN PRAGA'); 
INSERT INTO event VALUES(2,'2022-11-30','2022-12-02','KSENAGISI STIN ARXAIA MESSINI');
INSERT INTO event VALUES(3,'2022-01-01','2022-01-02','KSENAGISI STIN AKROPOLI'); 
INSERT INTO event VALUES(4,'2023-02-03','2023-02-07','TAKSIDI STIN BENETIA');  
INSERT INTO event VALUES(5,'2023-03-04','2023-03-10','TAKSIDI STIN ZIRIXI');  
INSERT INTO event VALUES(6,'2023-06-04','2023-06-06','EKDROMI STA KALABRITA'); 
INSERT INTO event VALUES(7,'2023-07-06','2023-11-30','TAKSIDI STIN BOREIA KAI NOTIA AMERIKI');  
INSERT INTO event VALUES(8,'2023-08-07','2023-08-10','TAKSIDI STIN AIGYPTO');  
INSERT INTO event VALUES(9,'2023-08-08','2023-08-10','EKDROMI STA IOANNINA');  
INSERT INTO event VALUES(10,'2023-08-09','2023-08-21','TAKSIDI STO MILANO'); 

INSERT INTO event VALUES(11,'2023-09-01','2023-09-02','New York City Tour');  
INSERT INTO event VALUES(12,'2023-10-15','2023-10-16','Amazon Rainfoerst'); 
INSERT INTO event VALUES(13,'2023-11-28','2023-11-29','African safari!'); 
INSERT INTO event VALUES(14,'2023-09-20','2023-09-24','Exploring Rhoades'); 
INSERT INTO event VALUES(15,'2023-09-23','2023-09-30','One week at Tokyo'); 
INSERT INTO event VALUES(16,'2023-11-30','2023-12-04','Volos City'); 
INSERT INTO event VALUES(17,'2023-12-05','2023-12-07','Corfu island tour');  
INSERT INTO event VALUES(18,'2023-12-13','2023-10-14',"Athens centre sightseeing");  
INSERT INTO event VALUES(19,'2023-12-20','2023-12-21','Instabul visit'); 
INSERT INTO event VALUES(20,'2023-12-25','2024-12-27','Rio the city of football!');

INSERT INTO event VALUES(21,'2024-01-02','2024-01-08','Travelling to the Wonderful Alps!');
INSERT INTO event VALUES(22,'2024-01-30','2024-02-14','Le tour De France');
INSERT INTO event VALUES(23,'2024-02-16','2024-03-01','Exploring Belgium');
INSERT INTO event VALUES(24,'2024-02-29','2024-03-11',"Brazil: Pele's Country");
INSERT INTO event VALUES(25,'2024-03-03','2024-03-14','Visiting the Beautiful Heraklion!');
INSERT INTO event VALUES(26,'2024-04-15','2024-04-22','Travelling in Thessaloniki!');
INSERT INTO event VALUES(27,'2024-05-05','2024-06-01','Kalamata tour by Damianos!');
INSERT INTO event VALUES(28,'2024-06-13','2024-09-01',"Mykonos: the Summers' place!");
INSERT INTO event VALUES(29,'2024-07-03','2024-08-24','Ibiza funTrip!!!');
INSERT INTO event VALUES(30,'2024-08-15','2024-09-29','Exploring the Northern Lights in Norway!');


INSERT INTO destination VALUES(1,'PRAGA','Prague is the capital and the largest city of the Czech Republic.','ABROAD','CZECH',1);
INSERT INTO destination VALUES(2,'ARXAIA MESSINI','Ancient Messene, is a local community within the regional unit of Messenia in the region of Peloponnese.','LOCAL','GREEK',2);
INSERT INTO destination VALUES(3,'AKROPOLI ATHINWN','The Acropolis of Athens is an ancient citadel located on a rocky outcrop above the city of Athens.','LOCAL','GREEK',3);
INSERT INTO destination VALUES(4,'BENETIA','Venice, the capital of northern Italy’s Veneto region, is built on more than 100 small islands in a lagoon in the Adriatic Sea.','ABROAD','ITALIAN',4);
INSERT INTO destination VALUES(5,'ZIRIXI','The city of Zurich, a global center for banking and finance, lies at the north end of Lake Zurich in northern Switzerland.','ABROAD','SWISS GERMAN',5);
INSERT INTO destination VALUES(6,'KALABRITA','Kalavryta is a town and a municipality in the mountainous east-central part of the regional unit of Achaea, Greece.','LOCAL','GREEK',6);
INSERT INTO destination VALUES(7,'AMERIKI','The Americas, which are sometimes collectively called America, are a landmass comprising the totality of North and South America.','ABROAD','ENGLISH',7);
INSERT INTO destination VALUES(8,'AIGYPTOS','Cairo is the capital of Egypt and the largest urban agglomeration in Africa, the Arab world and the Middle East.','ABROAD','ARABIC',8);
INSERT INTO destination VALUES(9,'IOANNINA','Ioannina is the capital and largest city of the Ioannina regional unit and of Epirus, an administrative region in north-western Greece.','LOCAL','GREEK',9);
INSERT INTO destination VALUES(10,'MILANO','Milan is a city in northern Italy, capital of Lombardy, and the second-most populous city proper in Italy after Rome.','ABROAD','ITALIAN',10);

INSERT INTO destination VALUES(11,'NEW YORK','New York City Tour','ABROAD','English',11);
INSERT INTO destination VALUES(12,'BRAZIL','Amazon Rainfoerst','ABROAD','Portuguesse',12);
INSERT INTO destination VALUES(13,'CAMEROUN','African safari!','ABROAD','English',13);
INSERT INTO destination VALUES(14,'RHOADES','Exploring Rhoades','LOCAL','Greek',14);
INSERT INTO destination VALUES(15,'TOKYO','One week in Tokyo','ABROAD','English',15);
INSERT INTO destination VALUES(16,'VOLOS','Volos City','LOCAL','Greek',16);
INSERT INTO destination VALUES(17,'CORFU','Corfu island tour','LOCAL','Greek',17);
INSERT INTO destination VALUES(18,'ATHENS','Athens centre sightseeing','LOCAL','Greek',18);
INSERT INTO destination VALUES(19,'INSTABUL','Instabul visit','ABROAD','Turkish',19);
INSERT INTO destination VALUES(20,'RIO','Rio the city of football!','ABROAD','Portuguesse',20);

INSERT INTO destination VALUES(21,'SWITZWERLAND','ALP TOUR','ABROAD','English',21);
INSERT INTO destination VALUES(22,'FRANCE','TOUR OF FRANCE','ABROAD','English',22);
INSERT INTO destination VALUES(23,'BELGIUM','EXPLORATION','ABROAD','Greek',23);
INSERT INTO destination VALUES(24,'BRAZIL','VISITING LATIN AMERICA','ABROAD','Austrian',24);
INSERT INTO destination VALUES(25,'HERAKLION','TRAVELLING TO XANDAKS','LOCAL','English',25);
INSERT INTO destination VALUES(26,'THESSALONIKI','TOUR OF THESSALONIKI','LOCAL','German',26);
INSERT INTO destination VALUES(27,'KALAMATA','DAMIANOS LEADING','LOCAL','Albanian',27);
INSERT INTO destination VALUES(28,'MYKONOS','NISI ANEMWN','LOCAL','Albanian',28);
INSERT INTO destination VALUES(29,'IBIZA','SPAIN TRAVEL','ABROAD','Austrian',29);
INSERT INTO destination VALUES(30,'NORWAY','NORWAY TRIP','ABROAD','English',30);



INSERT INTO travel_to VALUES(1,1,'2022-12-12','2022-12-19');
INSERT INTO travel_to VALUES(2,2,'2023-11-30','2023-11-30');
INSERT INTO travel_to VALUES(3,3,'2023-01-01','2023-01-01');
INSERT INTO travel_to VALUES(4,4,'2023-02-02','2023-02-12');
INSERT INTO travel_to VALUES(5,5,'2023-03-03','2023-03-12');
INSERT INTO travel_to VALUES(6,6,'2023-06-04','2023-06-06');
INSERT INTO travel_to VALUES(7,7,'2023-07-05','2023-12-01');
INSERT INTO travel_to VALUES(8,8,'2023-08-06','2023-08-15');
INSERT INTO travel_to VALUES(9,9,'2023-08-07','2023-08-11');
INSERT INTO travel_to VALUES(10,10,'2023-08-08','2023-08-22');

INSERT INTO travel_to VALUES(11,11,'2023-08-26','2023-08-28');
INSERT INTO travel_to VALUES(12,12,'2023-08-30','2023-09-02');
INSERT INTO travel_to VALUES(13,13,'2023-09-12','2023-09-19');
INSERT INTO travel_to VALUES(14,14,'2023-09-20','2023-09-24');
INSERT INTO travel_to VALUES(15,15,'2023-09-23','2023-09-30');
INSERT INTO travel_to VALUES(16,16,'2023-10-02','2023-10-08');
INSERT INTO travel_to VALUES(17,17,'2023-10-10','2023-10-15');
INSERT INTO travel_to VALUES(18,18,'2023-10-13','2023-10-16');
INSERT INTO travel_to VALUES(19,19,'2023-10-16','2023-08-20');
INSERT INTO travel_to VALUES(20,20,'2023-11-15','2024-11-28');

INSERT INTO travel_to VALUES(21,21,'2024-01-02','2024-01-08');
INSERT INTO travel_to VALUES(22,22,'2024-01-30','2024-02-14');
INSERT INTO travel_to VALUES(23,23,'2024-02-16','2024-03-01');
INSERT INTO travel_to VALUES(24,24,'2024-02-29','2024-03-11');
INSERT INTO travel_to VALUES(25,25,'2024-03-03','2024-03-14');
INSERT INTO travel_to VALUES(26,26,'2024-04-15','2024-04-22');
INSERT INTO travel_to VALUES(27,27,'2024-05-05','2024-06-01');
INSERT INTO travel_to VALUES(28,28,'2024-06-13','2024-09-01');
INSERT INTO travel_to VALUES(29,29,'2024-07-03','2024-08-24');
INSERT INTO travel_to VALUES(30,30,'2024-08-15','2024-09-29');


INSERT INTO reservation VALUES(1,1,'GIORGOS','GEWRGIOY','ADULT');
INSERT INTO reservation VALUES(2,2,'PANAGIOTIS','KAKLAMANIS','MINOR');
INSERT INTO reservation VALUES(3,3,'ANTREAS','FIDIOTIS','MINOR');
INSERT INTO reservation VALUES(4,1,'MITSOS','PAPOULIAS','ADULT');
INSERT INTO reservation VALUES(5,3,'GIANNIS','PAPAS','MINOR');
INSERT INTO reservation VALUES(6,2,'ELEYTERIA','GIANNOPOYLOU','ADULT');
INSERT INTO reservation VALUES(7,8,'MARIA','ELEYTERIOY','ADULT');
INSERT INTO reservation VALUES(8,6,'TAKIS','MANEAS','ADULT');
INSERT INTO reservation VALUES(9,2,'IOSIFINA','RAMPOY','ADULT');
INSERT INTO reservation VALUES(10,11,'KYRIAKOS','KANELOPOULOS','MINOR');

INSERT INTO reservation VALUES(11,10,'GIORGOS','PAPADRAKIS','ADULT');
INSERT INTO reservation VALUES(12,12,'GIANNIS','ALEXIOU','ADULT');
INSERT INTO reservation VALUES(13,13,'ANTONIS','DIMITRIOU','ADULT');
INSERT INTO reservation VALUES(14,14,'HRAKLIS','DHMAS','MINOR');
INSERT INTO reservation VALUES(15,16,'THEMISTOKLIS','RAPTIS','MINOR');
INSERT INTO reservation VALUES(16,15,'PANOS','AGWGIATIS','MINOR');
INSERT INTO reservation VALUES(17,18,'DIMITRIS','ZABARIS','ADULT');
INSERT INTO reservation VALUES(18,17,'ALKIS','XRISTOPOULOS','ADULT');
INSERT INTO reservation VALUES(19,19,'MICHALIS','AMOIRADAKIS','ADULT');
INSERT INTO reservation VALUES(20,20,'HLIAS','STAMOULIS','MINOR');

INSERT INTO reservation VALUES(21,30,'ILIAS','PSEMAS','ADULT');
INSERT INTO reservation VALUES(22,23,'MARIOS','PAPADOBASILAKIS','ADULT');
INSERT INTO reservation VALUES(23,35,'BASILIS','SMISLOV','ADULT');
INSERT INTO reservation VALUES(24,20,'MARIA','KRITSOTAKI','ADULT');
INSERT INTO reservation VALUES(25,21,'ANTONIS','PERVOLARAKIS','MINOR');
INSERT INTO reservation VALUES(26,4,'ORESTIS','XATZILIGEROUDIS','ADULT');
INSERT INTO reservation VALUES(27,30,'ILIAS','MARINAKIS','ADULT');
INSERT INTO reservation VALUES(28,31,'GIANNIS','MARINAKIS','MINOR');
INSERT INTO reservation VALUES(29,42,'GIORGOS','ANDREOU','ADULT');
INSERT INTO reservation VALUES(30,23,'ROMANOS','ILIAS','ADULT');
-- - - - - - - - - - - - - - - - 3.1.2 - - - - - - - - - - - - - - - - - - --  
CREATE TABLE it(
it_AT char(10) NOT NULL,
it_password char(10) default 'password' NOT NULL,
start_date datetime NOT NULL,
end_date datetime,
PRIMARY KEY(it_AT),
CONSTRAINT ITWRK
FOREIGN KEY(it_AT) REFERENCES worker(wrk_AT)
ON DELETE CASCADE ON UPDATE CASCADE
);

CREATE TABLE offers(
offer_id int(11) NOT NULL,
start_date date NOT NULL,
end_date date NOT NULL,
travel_cost int(11) NOT NULL,
dest_id int(11) NOT NULL,
PRIMARY KEY(offer_id),
CONSTRAINT DSTOFF
FOREIGN KEY(dest_id) REFERENCES destination(dst_id)
ON DELETE CASCADE ON UPDATE CASCADE
);

CREATE TABLE reservation_offers(
reservation_offer_id int(11) NOT NULL,
customer_lname varchar(20) NOT NULL,
customer_name varchar(20) NOT NULL,
off_id int(11) NOT NULL, 
payment_in_advance int(11) NOT NULL,
PRIMARY KEY(reservation_offer_id),
CONSTRAINT RESOFF
FOREIGN KEY(off_id) REFERENCES offers(offer_id)
ON DELETE CASCADE ON UPDATE CASCADE
);
INSERT INTO it VALUES('AZ39573027','1234567890','2022-01-02',NULL);

